run_id,algorithm,root_path,target_name,found,found_path,visited_dirs,visited_files,visited_entries,skipped_dirs,error_count,max_frontier_size,max_depth_seen,elapsed_ms
1,BFS,/home/strangelove/CS-Stuff/Makalah-StiMa-1/IF2211-Makalah-StiMa-1/testing/wide_shallow,target.txt,1,/home/strangelove/CS-Stuff/Makalah-StiMa-1/IF2211-Makalah-StiMa-1/testing/wide_shallow/dir_050/target.txt,51,151,201,0,0,50,1,1.190805
2,DFS,/home/strangelove/CS-Stuff/Makalah-StiMa-1/IF2211-Makalah-StiMa-1/testing/wide_shallow,target.txt,1,/home/strangelove/CS-Stuff/Makalah-StiMa-1/IF2211-Makalah-StiMa-1/testing/wide_shallow/dir_050/target.txt,51,148,198,0,0,50,1,1.094032
3,BFS,/home/strangelove/CS-Stuff/Makalah-StiMa-1/IF2211-Makalah-StiMa-1/testing/wide_shallow,target.txt,1,/home/strangelove/CS-Stuff/Makalah-StiMa-1/IF2211-Makalah-StiMa-1/testing/wide_shallow/dir_050/target.txt,51,151,201,0,0,50,1,0.952132
4,DFS,/home/strangelove/CS-Stuff/Makalah-StiMa-1/IF2211-Makalah-StiMa-1/testing/wide_shallow,target.txt,1,/home/strangelove/CS-Stuff/Makalah-StiMa-1/IF2211-Makalah-StiMa-1/testing/wide_shallow/dir_050/target.txt,51,148,198,0,0,50,1,0.931623
5,BFS,/home/strangelove/CS-Stuff/Makalah-StiMa-1/IF2211-Makalah-StiMa-1/testing/wide_shallow,target.txt,1,/home/strangelove/CS-Stuff/Makalah-StiMa-1/IF2211-Makalah-StiMa-1/testing/wide_shallow/dir_050/target.txt,51,151,201,0,0,50,1,0.768296
6,DFS,/home/strangelove/CS-Stuff/Makalah-StiMa-1/IF2211-Makalah-StiMa-1/testing/wide_shallow,target.txt,1,/home/strangelove/CS-Stuff/Makalah-StiMa-1/IF2211-Makalah-StiMa-1/testing/wide_shallow/dir_050/target.txt,51,148,198,0,0,50,1,0.886311
7,BFS,/home/strangelove/CS-Stuff/Makalah-StiMa-1/IF2211-Makalah-StiMa-1/testing/wide_shallow,target.txt,1,/home/strangelove/CS-Stuff/Makalah-StiMa-1/IF2211-Makalah-StiMa-1/testing/wide_shallow/dir_050/target.txt,51,151,201,0,0,50,1,0.842719
8,DFS,/home/strangelove/CS-Stuff/Makalah-StiMa-1/IF2211-Makalah-StiMa-1/testing/wide_shallow,target.txt,1,/home/strangelove/CS-Stuff/Makalah-StiMa-1/IF2211-Makalah-StiMa-1/testing/wide_shallow/dir_050/target.txt,51,148,198,0,0,50,1,0.747506
9,BFS,/home/strangelove/CS-Stuff/Makalah-StiMa-1/IF2211-Makalah-StiMa-1/testing/wide_shallow,target.txt,1,/home/strangelove/CS-Stuff/Makalah-StiMa-1/IF2211-Makalah-StiMa-1/testing/wide_shallow/dir_050/target.txt,51,151,201,0,0,50,1,0.921716
10,DFS,/home/strangelove/CS-Stuff/Makalah-StiMa-1/IF2211-Makalah-StiMa-1/testing/wide_shallow,target.txt,1,/home/strangelove/CS-Stuff/Makalah-StiMa-1/IF2211-Makalah-StiMa-1/testing/wide_shallow/dir_050/target.txt,51,148,198,0,0,50,1,0.820718
11,BFS,/home/strangelove/CS-Stuff/Makalah-StiMa-1/IF2211-Makalah-StiMa-1/testing/wide_shallow,target.txt,1,/home/strangelove/CS-Stuff/Makalah-StiMa-1/IF2211-Makalah-StiMa-1/testing/wide_shallow/dir_050/target.txt,51,151,201,0,0,50,1,0.846551
12,DFS,/home/strangelove/CS-Stuff/Makalah-StiMa-1/IF2211-Makalah-StiMa-1/testing/wide_shallow,target.txt,1,/home/strangelove/CS-Stuff/Makalah-StiMa-1/IF2211-Makalah-StiMa-1/testing/wide_shallow/dir_050/target.txt,51,148,198,0,0,50,1,0.982282
13,BFS,/home/strangelove/CS-Stuff/Makalah-StiMa-1/IF2211-Makalah-StiMa-1/testing/wide_shallow,target.txt,1,/home/strangelove/CS-Stuff/Makalah-StiMa-1/IF2211-Makalah-StiMa-1/testing/wide_shallow/dir_050/target.txt,51,151,201,0,0,50,1,0.946914
14,DFS,/home/strangelove/CS-Stuff/Makalah-StiMa-1/IF2211-Makalah-StiMa-1/testing/wide_shallow,target.txt,1,/home/strangelove/CS-Stuff/Makalah-StiMa-1/IF2211-Makalah-StiMa-1/testing/wide_shallow/dir_050/target.txt,51,148,198,0,0,50,1,0.930436
15,BFS,/home/strangelove/CS-Stuff/Makalah-StiMa-1/IF2211-Makalah-StiMa-1/testing/wide_shallow,target.txt,1,/home/strangelove/CS-Stuff/Makalah-StiMa-1/IF2211-Makalah-StiMa-1/testing/wide_shallow/dir_050/target.txt,51,151,201,0,0,50,1,1.013412
16,DFS,/home/strangelove/CS-Stuff/Makalah-StiMa-1/IF2211-Makalah-StiMa-1/testing/wide_shallow,target.txt,1,/home/strangelove/CS-Stuff/Makalah-StiMa-1/IF2211-Makalah-StiMa-1/testing/wide_shallow/dir_050/target.txt,51,148,198,0,0,50,1,0.989554
17,BFS,/home/strangelove/CS-Stuff/Makalah-StiMa-1/IF2211-Makalah-StiMa-1/testing/wide_shallow,target.txt,1,/home/strangelove/CS-Stuff/Makalah-StiMa-1/IF2211-Makalah-StiMa-1/testing/wide_shallow/dir_050/target.txt,51,151,201,0,0,50,1,0.943983
18,DFS,/home/strangelove/CS-Stuff/Makalah-StiMa-1/IF2211-Makalah-StiMa-1/testing/wide_shallow,target.txt,1,/home/strangelove/CS-Stuff/Makalah-StiMa-1/IF2211-Makalah-StiMa-1/testing/wide_shallow/dir_050/target.txt,51,148,198,0,0,50,1,0.785192
19,BFS,/home/strangelove/CS-Stuff/Makalah-StiMa-1/IF2211-Makalah-StiMa-1/testing/wide_shallow,target.txt,1,/home/strangelove/CS-Stuff/Makalah-StiMa-1/IF2211-Makalah-StiMa-1/testing/wide_shallow/dir_050/target.txt,51,151,201,0,0,50,1,0.738802
20,DFS,/home/strangelove/CS-Stuff/Makalah-StiMa-1/IF2211-Makalah-StiMa-1/testing/wide_shallow,target.txt,1,/home/strangelove/CS-Stuff/Makalah-StiMa-1/IF2211-Makalah-StiMa-1/testing/wide_shallow/dir_050/target.txt,51,148,198,0,0,50,1,1.006620
1,BFS,/home/strangelove/CS-Stuff/Makalah-StiMa-1/IF2211-Makalah-StiMa-1/testing/wide_shallow,target.txt,1,/home/strangelove/CS-Stuff/Makalah-StiMa-1/IF2211-Makalah-StiMa-1/testing/wide_shallow/dir_050/target.txt,51,151,201,0,0,50,1,2.891466
2,DFS,/home/strangelove/CS-Stuff/Makalah-StiMa-1/IF2211-Makalah-StiMa-1/testing/wide_shallow,target.txt,1,/home/strangelove/CS-Stuff/Makalah-StiMa-1/IF2211-Makalah-StiMa-1/testing/wide_shallow/dir_050/target.txt,51,148,198,0,0,50,1,4.147885
3,BFS,/home/strangelove/CS-Stuff/Makalah-StiMa-1/IF2211-Makalah-StiMa-1/testing/wide_shallow,target.txt,1,/home/strangelove/CS-Stuff/Makalah-StiMa-1/IF2211-Makalah-StiMa-1/testing/wide_shallow/dir_050/target.txt,51,151,201,0,0,50,1,4.200646
4,DFS,/home/strangelove/CS-Stuff/Makalah-StiMa-1/IF2211-Makalah-StiMa-1/testing/wide_shallow,target.txt,1,/home/strangelove/CS-Stuff/Makalah-StiMa-1/IF2211-Makalah-StiMa-1/testing/wide_shallow/dir_050/target.txt,51,148,198,0,0,50,1,4.232668
5,BFS,/home/strangelove/CS-Stuff/Makalah-StiMa-1/IF2211-Makalah-StiMa-1/testing/wide_shallow,target.txt,1,/home/strangelove/CS-Stuff/Makalah-StiMa-1/IF2211-Makalah-StiMa-1/testing/wide_shallow/dir_050/target.txt,51,151,201,0,0,50,1,5.160939
6,DFS,/home/strangelove/CS-Stuff/Makalah-StiMa-1/IF2211-Makalah-StiMa-1/testing/wide_shallow,target.txt,1,/home/strangelove/CS-Stuff/Makalah-StiMa-1/IF2211-Makalah-StiMa-1/testing/wide_shallow/dir_050/target.txt,51,148,198,0,0,50,1,4.142484
7,BFS,/home/strangelove/CS-Stuff/Makalah-StiMa-1/IF2211-Makalah-StiMa-1/testing/wide_shallow,target.txt,1,/home/strangelove/CS-Stuff/Makalah-StiMa-1/IF2211-Makalah-StiMa-1/testing/wide_shallow/dir_050/target.txt,51,151,201,0,0,50,1,4.174242
8,DFS,/home/strangelove/CS-Stuff/Makalah-StiMa-1/IF2211-Makalah-StiMa-1/testing/wide_shallow,target.txt,1,/home/strangelove/CS-Stuff/Makalah-StiMa-1/IF2211-Makalah-StiMa-1/testing/wide_shallow/dir_050/target.txt,51,148,198,0,0,50,1,3.702143
9,BFS,/home/strangelove/CS-Stuff/Makalah-StiMa-1/IF2211-Makalah-StiMa-1/testing/wide_shallow,target.txt,1,/home/strangelove/CS-Stuff/Makalah-StiMa-1/IF2211-Makalah-StiMa-1/testing/wide_shallow/dir_050/target.txt,51,151,201,0,0,50,1,2.686013
10,DFS,/home/strangelove/CS-Stuff/Makalah-StiMa-1/IF2211-Makalah-StiMa-1/testing/wide_shallow,target.txt,1,/home/strangelove/CS-Stuff/Makalah-StiMa-1/IF2211-Makalah-StiMa-1/testing/wide_shallow/dir_050/target.txt,51,148,198,0,0,50,1,2.388762
11,BFS,/home/strangelove/CS-Stuff/Makalah-StiMa-1/IF2211-Makalah-StiMa-1/testing/wide_shallow,target.txt,1,/home/strangelove/CS-Stuff/Makalah-StiMa-1/IF2211-Makalah-StiMa-1/testing/wide_shallow/dir_050/target.txt,51,151,201,0,0,50,1,2.102819
12,DFS,/home/strangelove/CS-Stuff/Makalah-StiMa-1/IF2211-Makalah-StiMa-1/testing/wide_shallow,target.txt,1,/home/strangelove/CS-Stuff/Makalah-StiMa-1/IF2211-Makalah-StiMa-1/testing/wide_shallow/dir_050/target.txt,51,148,198,0,0,50,1,1.678516
13,BFS,/home/strangelove/CS-Stuff/Makalah-StiMa-1/IF2211-Makalah-StiMa-1/testing/wide_shallow,target.txt,1,/home/strangelove/CS-Stuff/Makalah-StiMa-1/IF2211-Makalah-StiMa-1/testing/wide_shallow/dir_050/target.txt,51,151,201,0,0,50,1,1.600739
14,DFS,/home/strangelove/CS-Stuff/Makalah-StiMa-1/IF2211-Makalah-StiMa-1/testing/wide_shallow,target.txt,1,/home/strangelove/CS-Stuff/Makalah-StiMa-1/IF2211-Makalah-StiMa-1/testing/wide_shallow/dir_050/target.txt,51,148,198,0,0,50,1,1.513955
15,BFS,/home/strangelove/CS-Stuff/Makalah-StiMa-1/IF2211-Makalah-StiMa-1/testing/wide_shallow,target.txt,1,/home/strangelove/CS-Stuff/Makalah-StiMa-1/IF2211-Makalah-StiMa-1/testing/wide_shallow/dir_050/target.txt,51,151,201,0,0,50,1,1.365422
16,DFS,/home/strangelove/CS-Stuff/Makalah-StiMa-1/IF2211-Makalah-StiMa-1/testing/wide_shallow,target.txt,1,/home/strangelove/CS-Stuff/Makalah-StiMa-1/IF2211-Makalah-StiMa-1/testing/wide_shallow/dir_050/target.txt,51,148,198,0,0,50,1,1.621884
17,BFS,/home/strangelove/CS-Stuff/Makalah-StiMa-1/IF2211-Makalah-StiMa-1/testing/wide_shallow,target.txt,1,/home/strangelove/CS-Stuff/Makalah-StiMa-1/IF2211-Makalah-StiMa-1/testing/wide_shallow/dir_050/target.txt,51,151,201,0,0,50,1,1.904222
18,DFS,/home/strangelove/CS-Stuff/Makalah-StiMa-1/IF2211-Makalah-StiMa-1/testing/wide_shallow,target.txt,1,/home/strangelove/CS-Stuff/Makalah-StiMa-1/IF2211-Makalah-StiMa-1/testing/wide_shallow/dir_050/target.txt,51,148,198,0,0,50,1,1.523200
19,BFS,/home/strangelove/CS-Stuff/Makalah-StiMa-1/IF2211-Makalah-StiMa-1/testing/wide_shallow,target.txt,1,/home/strangelove/CS-Stuff/Makalah-StiMa-1/IF2211-Makalah-StiMa-1/testing/wide_shallow/dir_050/target.txt,51,151,201,0,0,50,1,1.856503
20,DFS,/home/strangelove/CS-Stuff/Makalah-StiMa-1/IF2211-Makalah-StiMa-1/testing/wide_shallow,target.txt,1,/home/strangelove/CS-Stuff/Makalah-StiMa-1/IF2211-Makalah-StiMa-1/testing/wide_shallow/dir_050/target.txt,51,148,198,0,0,50,1,1.757850
1,BFS,/home/strangelove/CS-Stuff/Makalah-StiMa-1/IF2211-Makalah-StiMa-1/testing/wide_shallow,target.txt,1,/home/strangelove/CS-Stuff/Makalah-StiMa-1/IF2211-Makalah-StiMa-1/testing/wide_shallow/dir_050/target.txt,51,151,201,0,0,50,1,1.604620
2,DFS,/home/strangelove/CS-Stuff/Makalah-StiMa-1/IF2211-Makalah-StiMa-1/testing/wide_shallow,target.txt,1,/home/strangelove/CS-Stuff/Makalah-StiMa-1/IF2211-Makalah-StiMa-1/testing/wide_shallow/dir_050/target.txt,51,148,198,0,0,50,1,1.438265
3,BFS,/home/strangelove/CS-Stuff/Makalah-StiMa-1/IF2211-Makalah-StiMa-1/testing/wide_shallow,target.txt,1,/home/strangelove/CS-Stuff/Makalah-StiMa-1/IF2211-Makalah-StiMa-1/testing/wide_shallow/dir_050/target.txt,51,151,201,0,0,50,1,1.202945
4,DFS,/home/strangelove/CS-Stuff/Makalah-StiMa-1/IF2211-Makalah-StiMa-1/testing/wide_shallow,target.txt,1,/home/strangelove/CS-Stuff/Makalah-StiMa-1/IF2211-Makalah-StiMa-1/testing/wide_shallow/dir_050/target.txt,51,148,198,0,0,50,1,1.124860
5,BFS,/home/strangelove/CS-Stuff/Makalah-StiMa-1/IF2211-Makalah-StiMa-1/testing/wide_shallow,target.txt,1,/home/strangelove/CS-Stuff/Makalah-StiMa-1/IF2211-Makalah-StiMa-1/testing/wide_shallow/dir_050/target.txt,51,151,201,0,0,50,1,1.085196
6,DFS,/home/strangelove/CS-Stuff/Makalah-StiMa-1/IF2211-Makalah-StiMa-1/testing/wide_shallow,target.txt,1,/home/strangelove/CS-Stuff/Makalah-StiMa-1/IF2211-Makalah-StiMa-1/testing/wide_shallow/dir_050/target.txt,51,148,198,0,0,50,1,1.154742
7,BFS,/home/strangelove/CS-Stuff/Makalah-StiMa-1/IF2211-Makalah-StiMa-1/testing/wide_shallow,target.txt,1,/home/strangelove/CS-Stuff/Makalah-StiMa-1/IF2211-Makalah-StiMa-1/testing/wide_shallow/dir_050/target.txt,51,151,201,0,0,50,1,1.554636
8,DFS,/home/strangelove/CS-Stuff/Makalah-StiMa-1/IF2211-Makalah-StiMa-1/testing/wide_shallow,target.txt,1,/home/strangelove/CS-Stuff/Makalah-StiMa-1/IF2211-Makalah-StiMa-1/testing/wide_shallow/dir_050/target.txt,51,148,198,0,0,50,1,1.519515
9,BFS,/home/strangelove/CS-Stuff/Makalah-StiMa-1/IF2211-Makalah-StiMa-1/testing/wide_shallow,target.txt,1,/home/strangelove/CS-Stuff/Makalah-StiMa-1/IF2211-Makalah-StiMa-1/testing/wide_shallow/dir_050/target.txt,51,151,201,0,0,50,1,1.402099
10,DFS,/home/strangelove/CS-Stuff/Makalah-StiMa-1/IF2211-Makalah-StiMa-1/testing/wide_shallow,target.txt,1,/home/strangelove/CS-Stuff/Makalah-StiMa-1/IF2211-Makalah-StiMa-1/testing/wide_shallow/dir_050/target.txt,51,148,198,0,0,50,1,1.391419
11,BFS,/home/strangelove/CS-Stuff/Makalah-StiMa-1/IF2211-Makalah-StiMa-1/testing/wide_shallow,target.txt,1,/home/strangelove/CS-Stuff/Makalah-StiMa-1/IF2211-Makalah-StiMa-1/testing/wide_shallow/dir_050/target.txt,51,151,201,0,0,50,1,1.467712
12,DFS,/home/strangelove/CS-Stuff/Makalah-StiMa-1/IF2211-Makalah-StiMa-1/testing/wide_shallow,target.txt,1,/home/strangelove/CS-Stuff/Makalah-StiMa-1/IF2211-Makalah-StiMa-1/testing/wide_shallow/dir_050/target.txt,51,148,198,0,0,50,1,1.330551
13,BFS,/home/strangelove/CS-Stuff/Makalah-StiMa-1/IF2211-Makalah-StiMa-1/testing/wide_shallow,target.txt,1,/home/strangelove/CS-Stuff/Makalah-StiMa-1/IF2211-Makalah-StiMa-1/testing/wide_shallow/dir_050/target.txt,51,151,201,0,0,50,1,1.215004
14,DFS,/home/strangelove/CS-Stuff/Makalah-StiMa-1/IF2211-Makalah-StiMa-1/testing/wide_shallow,target.txt,1,/home/strangelove/CS-Stuff/Makalah-StiMa-1/IF2211-Makalah-StiMa-1/testing/wide_shallow/dir_050/target.txt,51,148,198,0,0,50,1,1.306262
15,BFS,/home/strangelove/CS-Stuff/Makalah-StiMa-1/IF2211-Makalah-StiMa-1/testing/wide_shallow,target.txt,1,/home/strangelove/CS-Stuff/Makalah-StiMa-1/IF2211-Makalah-StiMa-1/testing/wide_shallow/dir_050/target.txt,51,151,201,0,0,50,1,1.087762
16,DFS,/home/strangelove/CS-Stuff/Makalah-StiMa-1/IF2211-Makalah-StiMa-1/testing/wide_shallow,target.txt,1,/home/strangelove/CS-Stuff/Makalah-StiMa-1/IF2211-Makalah-StiMa-1/testing/wide_shallow/dir_050/target.txt,51,148,198,0,0,50,1,1.092121
17,BFS,/home/strangelove/CS-Stuff/Makalah-StiMa-1/IF2211-Makalah-StiMa-1/testing/wide_shallow,target.txt,1,/home/strangelove/CS-Stuff/Makalah-StiMa-1/IF2211-Makalah-StiMa-1/testing/wide_shallow/dir_050/target.txt,51,151,201,0,0,50,1,1.218751
18,DFS,/home/strangelove/CS-Stuff/Makalah-StiMa-1/IF2211-Makalah-StiMa-1/testing/wide_shallow,target.txt,1,/home/strangelove/CS-Stuff/Makalah-StiMa-1/IF2211-Makalah-StiMa-1/testing/wide_shallow/dir_050/target.txt,51,148,198,0,0,50,1,0.956591
19,BFS,/home/strangelove/CS-Stuff/Makalah-StiMa-1/IF2211-Makalah-StiMa-1/testing/wide_shallow,target.txt,1,/home/strangelove/CS-Stuff/Makalah-StiMa-1/IF2211-Makalah-StiMa-1/testing/wide_shallow/dir_050/target.txt,51,151,201,0,0,50,1,0.848135
20,DFS,/home/strangelove/CS-Stuff/Makalah-StiMa-1/IF2211-Makalah-StiMa-1/testing/wide_shallow,target.txt,1,/home/strangelove/CS-Stuff/Makalah-StiMa-1/IF2211-Makalah-StiMa-1/testing/wide_shallow/dir_050/target.txt,51,148,198,0,0,50,1,0.767969
1,BFS,/home/strangelove/CS-Stuff/Makalah-StiMa-1/IF2211-Makalah-StiMa-1/testing/deep_narrow,target.txt,1,/home/strangelove/CS-Stuff/Makalah-StiMa-1/IF2211-Makalah-StiMa-1/testing/deep_narrow/level_001/level_002/level_003/level_004/level_005/level_006/level_007/level_008/level_009/level_010/level_011/level_012/level_013/level_014/level_015/level_016/level_017/level_018/level_019/level_020/level_021/level_022/level_023/level_024/level_025/level_026/level_027/level_028/level_029/level_030/target.txt,31,31,61,0,0,1,30,299.486521
2,DFS,/home/strangelove/CS-Stuff/Makalah-StiMa-1/IF2211-Makalah-StiMa-1/testing/deep_narrow,target.txt,1,/home/strangelove/CS-Stuff/Makalah-StiMa-1/IF2211-Makalah-StiMa-1/testing/deep_narrow/level_001/level_002/level_003/level_004/level_005/level_006/level_007/level_008/level_009/level_010/level_011/level_012/level_013/level_014/level_015/level_016/level_017/level_018/level_019/level_020/level_021/level_022/level_023/level_024/level_025/level_026/level_027/level_028/level_029/level_030/target.txt,31,30,60,0,0,1,30,0.482454
3,BFS,/home/strangelove/CS-Stuff/Makalah-StiMa-1/IF2211-Makalah-StiMa-1/testing/deep_narrow,target.txt,1,/home/strangelove/CS-Stuff/Makalah-StiMa-1/IF2211-Makalah-StiMa-1/testing/deep_narrow/level_001/level_002/level_003/level_004/level_005/level_006/level_007/level_008/level_009/level_010/level_011/level_012/level_013/level_014/level_015/level_016/level_017/level_018/level_019/level_020/level_021/level_022/level_023/level_024/level_025/level_026/level_027/level_028/level_029/level_030/target.txt,31,31,61,0,0,1,30,0.551038
4,DFS,/home/strangelove/CS-Stuff/Makalah-StiMa-1/IF2211-Makalah-StiMa-1/testing/deep_narrow,target.txt,1,/home/strangelove/CS-Stuff/Makalah-StiMa-1/IF2211-Makalah-StiMa-1/testing/deep_narrow/level_001/level_002/level_003/level_004/level_005/level_006/level_007/level_008/level_009/level_010/level_011/level_012/level_013/level_014/level_015/level_016/level_017/level_018/level_019/level_020/level_021/level_022/level_023/level_024/level_025/level_026/level_027/level_028/level_029/level_030/target.txt,31,30,60,0,0,1,30,0.642861
5,BFS,/home/strangelove/CS-Stuff/Makalah-StiMa-1/IF2211-Makalah-StiMa-1/testing/deep_narrow,target.txt,1,/home/strangelove/CS-Stuff/Makalah-StiMa-1/IF2211-Makalah-StiMa-1/testing/deep_narrow/level_001/level_002/level_003/level_004/level_005/level_006/level_007/level_008/level_009/level_010/level_011/level_012/level_013/level_014/level_015/level_016/level_017/level_018/level_019/level_020/level_021/level_022/level_023/level_024/level_025/level_026/level_027/level_028/level_029/level_030/target.txt,31,31,61,0,0,1,30,0.662919
6,DFS,/home/strangelove/CS-Stuff/Makalah-StiMa-1/IF2211-Makalah-StiMa-1/testing/deep_narrow,target.txt,1,/home/strangelove/CS-Stuff/Makalah-StiMa-1/IF2211-Makalah-StiMa-1/testing/deep_narrow/level_001/level_002/level_003/level_004/level_005/level_006/level_007/level_008/level_009/level_010/level_011/level_012/level_013/level_014/level_015/level_016/level_017/level_018/level_019/level_020/level_021/level_022/level_023/level_024/level_025/level_026/level_027/level_028/level_029/level_030/target.txt,31,30,60,0,0,1,30,0.687754
7,BFS,/home/strangelove/CS-Stuff/Makalah-StiMa-1/IF2211-Makalah-StiMa-1/testing/deep_narrow,target.txt,1,/home/strangelove/CS-Stuff/Makalah-StiMa-1/IF2211-Makalah-StiMa-1/testing/deep_narrow/level_001/level_002/level_003/level_004/level_005/level_006/level_007/level_008/level_009/level_010/level_011/level_012/level_013/level_014/level_015/level_016/level_017/level_018/level_019/level_020/level_021/level_022/level_023/level_024/level_025/level_026/level_027/level_028/level_029/level_030/target.txt,31,31,61,0,0,1,30,0.700097
8,DFS,/home/strangelove/CS-Stuff/Makalah-StiMa-1/IF2211-Makalah-StiMa-1/testing/deep_narrow,target.txt,1,/home/strangelove/CS-Stuff/Makalah-StiMa-1/IF2211-Makalah-StiMa-1/testing/deep_narrow/level_001/level_002/level_003/level_004/level_005/level_006/level_007/level_008/level_009/level_010/level_011/level_012/level_013/level_014/level_015/level_016/level_017/level_018/level_019/level_020/level_021/level_022/level_023/level_024/level_025/level_026/level_027/level_028/level_029/level_030/target.txt,31,30,60,0,0,1,30,0.702122
9,BFS,/home/strangelove/CS-Stuff/Makalah-StiMa-1/IF2211-Makalah-StiMa-1/testing/deep_narrow,target.txt,1,/home/strangelove/CS-Stuff/Makalah-StiMa-1/IF2211-Makalah-StiMa-1/testing/deep_narrow/level_001/level_002/level_003/level_004/level_005/level_006/level_007/level_008/level_009/level_010/level_011/level_012/level_013/level_014/level_015/level_016/level_017/level_018/level_019/level_020/level_021/level_022/level_023/level_024/level_025/level_026/level_027/level_028/level_029/level_030/target.txt,31,31,61,0,0,1,30,0.697950
10,DFS,/home/strangelove/CS-Stuff/Makalah-StiMa-1/IF2211-Makalah-StiMa-1/testing/deep_narrow,target.txt,1,/home/strangelove/CS-Stuff/Makalah-StiMa-1/IF2211-Makalah-StiMa-1/testing/deep_narrow/level_001/level_002/level_003/level_004/level_005/level_006/level_007/level_008/level_009/level_010/level_011/level_012/level_013/level_014/level_015/level_016/level_017/level_018/level_019/level_020/level_021/level_022/level_023/level_024/level_025/level_026/level_027/level_028/level_029/level_030/target.txt,31,30,60,0,0,1,30,0.709910
11,BFS,/home/strangelove/CS-Stuff/Makalah-StiMa-1/IF2211-Makalah-StiMa-1/testing/deep_narrow,target.txt,1,/home/strangelove/CS-Stuff/Makalah-StiMa-1/IF2211-Makalah-StiMa-1/testing/deep_narrow/level_001/level_002/level_003/level_004/level_005/level_006/level_007/level_008/level_009/level_010/level_011/level_012/level_013/level_014/level_015/level_016/level_017/level_018/level_019/level_020/level_021/level_022/level_023/level_024/level_025/level_026/level_027/level_028/level_029/level_030/target.txt,31,31,61,0,0,1,30,0.708670
12,DFS,/home/strangelove/CS-Stuff/Makalah-StiMa-1/IF2211-Makalah-StiMa-1/testing/deep_narrow,target.txt,1,/home/strangelove/CS-Stuff/Makalah-StiMa-1/IF2211-Makalah-StiMa-1/testing/deep_narrow/level_001/level_002/level_003/level_004/level_005/level_006/level_007/level_008/level_009/level_010/level_011/level_012/level_013/level_014/level_015/level_016/level_017/level_018/level_019/level_020/level_021/level_022/level_023/level_024/level_025/level_026/level_027/level_028/level_029/level_030/target.txt,31,30,60,0,0,1,30,0.671598
13,BFS,/home/strangelove/CS-Stuff/Makalah-StiMa-1/IF2211-Makalah-StiMa-1/testing/deep_narrow,target.txt,1,/home/strangelove/CS-Stuff/Makalah-StiMa-1/IF2211-Makalah-StiMa-1/testing/deep_narrow/level_001/level_002/level_003/level_004/level_005/level_006/level_007/level_008/level_009/level_010/level_011/level_012/level_013/level_014/level_015/level_016/level_017/level_018/level_019/level_020/level_021/level_022/level_023/level_024/level_025/level_026/level_027/level_028/level_029/level_030/target.txt,31,31,61,0,0,1,30,0.663774
14,DFS,/home/strangelove/CS-Stuff/Makalah-StiMa-1/IF2211-Makalah-StiMa-1/testing/deep_narrow,target.txt,1,/home/strangelove/CS-Stuff/Makalah-StiMa-1/IF2211-Makalah-StiMa-1/testing/deep_narrow/level_001/level_002/level_003/level_004/level_005/level_006/level_007/level_008/level_009/level_010/level_011/level_012/level_013/level_014/level_015/level_016/level_017/level_018/level_019/level_020/level_021/level_022/level_023/level_024/level_025/level_026/level_027/level_028/level_029/level_030/target.txt,31,30,60,0,0,1,30,0.655824
15,BFS,/home/strangelove/CS-Stuff/Makalah-StiMa-1/IF2211-Makalah-StiMa-1/testing/deep_narrow,target.txt,1,/home/strangelove/CS-Stuff/Makalah-StiMa-1/IF2211-Makalah-StiMa-1/testing/deep_narrow/level_001/level_002/level_003/level_004/level_005/level_006/level_007/level_008/level_009/level_010/level_011/level_012/level_013/level_014/level_015/level_016/level_017/level_018/level_019/level_020/level_021/level_022/level_023/level_024/level_025/level_026/level_027/level_028/level_029/level_030/target.txt,31,31,61,0,0,1,30,0.649075
16,DFS,/home/strangelove/CS-Stuff/Makalah-StiMa-1/IF2211-Makalah-StiMa-1/testing/deep_narrow,target.txt,1,/home/strangelove/CS-Stuff/Makalah-StiMa-1/IF2211-Makalah-StiMa-1/testing/deep_narrow/level_001/level_002/level_003/level_004/level_005/level_006/level_007/level_008/level_009/level_010/level_011/level_012/level_013/level_014/level_015/level_016/level_017/level_018/level_019/level_020/level_021/level_022/level_023/level_024/level_025/level_026/level_027/level_028/level_029/level_030/target.txt,31,30,60,0,0,1,30,0.650486
17,BFS,/home/strangelove/CS-Stuff/Makalah-StiMa-1/IF2211-Makalah-StiMa-1/testing/deep_narrow,target.txt,1,/home/strangelove/CS-Stuff/Makalah-StiMa-1/IF2211-Makalah-StiMa-1/testing/deep_narrow/level_001/level_002/level_003/level_004/level_005/level_006/level_007/level_008/level_009/level_010/level_011/level_012/level_013/level_014/level_015/level_016/level_017/level_018/level_019/level_020/level_021/level_022/level_023/level_024/level_025/level_026/level_027/level_028/level_029/level_030/target.txt,31,31,61,0,0,1,30,0.728031
18,DFS,/home/strangelove/CS-Stuff/Makalah-StiMa-1/IF2211-Makalah-StiMa-1/testing/deep_narrow,target.txt,1,/home/strangelove/CS-Stuff/Makalah-StiMa-1/IF2211-Makalah-StiMa-1/testing/deep_narrow/level_001/level_002/level_003/level_004/level_005/level_006/level_007/level_008/level_009/level_010/level_011/level_012/level_013/level_014/level_015/level_016/level_017/level_018/level_019/level_020/level_021/level_022/level_023/level_024/level_025/level_026/level_027/level_028/level_029/level_030/target.txt,31,30,60,0,0,1,30,0.472359
19,BFS,/home/strangelove/CS-Stuff/Makalah-StiMa-1/IF2211-Makalah-StiMa-1/testing/deep_narrow,target.txt,1,/home/strangelove/CS-Stuff/Makalah-StiMa-1/IF2211-Makalah-StiMa-1/testing/deep_narrow/level_001/level_002/level_003/level_004/level_005/level_006/level_007/level_008/level_009/level_010/level_011/level_012/level_013/level_014/level_015/level_016/level_017/level_018/level_019/level_020/level_021/level_022/level_023/level_024/level_025/level_026/level_027/level_028/level_029/level_030/target.txt,31,31,61,0,0,1,30,0.514135
20,DFS,/home/strangelove/CS-Stuff/Makalah-StiMa-1/IF2211-Makalah-StiMa-1/testing/deep_narrow,target.txt,1,/home/strangelove/CS-Stuff/Makalah-StiMa-1/IF2211-Makalah-StiMa-1/testing/deep_narrow/level_001/level_002/level_003/level_004/level_005/level_006/level_007/level_008/level_009/level_010/level_011/level_012/level_013/level_014/level_015/level_016/level_017/level_018/level_019/level_020/level_021/level_022/level_023/level_024/level_025/level_026/level_027/level_028/level_029/level_030/target.txt,31,30,60,0,0,1,30,0.492143
1,BFS,/home/strangelove/CS-Stuff/Makalah-StiMa-1/IF2211-Makalah-StiMa-1/testing/deep_narrow,target.txt,1,/home/strangelove/CS-Stuff/Makalah-StiMa-1/IF2211-Makalah-StiMa-1/testing/deep_narrow/level_001/level_002/level_003/level_004/level_005/level_006/level_007/level_008/level_009/level_010/level_011/level_012/level_013/level_014/level_015/level_016/level_017/level_018/level_019/level_020/level_021/level_022/level_023/level_024/level_025/level_026/level_027/level_028/level_029/level_030/target.txt,31,31,61,0,0,1,30,0.745585
2,DFS,/home/strangelove/CS-Stuff/Makalah-StiMa-1/IF2211-Makalah-StiMa-1/testing/deep_narrow,target.txt,1,/home/strangelove/CS-Stuff/Makalah-StiMa-1/IF2211-Makalah-StiMa-1/testing/deep_narrow/level_001/level_002/level_003/level_004/level_005/level_006/level_007/level_008/level_009/level_010/level_011/level_012/level_013/level_014/level_015/level_016/level_017/level_018/level_019/level_020/level_021/level_022/level_023/level_024/level_025/level_026/level_027/level_028/level_029/level_030/target.txt,31,30,60,0,0,1,30,0.692958
3,BFS,/home/strangelove/CS-Stuff/Makalah-StiMa-1/IF2211-Makalah-StiMa-1/testing/deep_narrow,target.txt,1,/home/strangelove/CS-Stuff/Makalah-StiMa-1/IF2211-Makalah-StiMa-1/testing/deep_narrow/level_001/level_002/level_003/level_004/level_005/level_006/level_007/level_008/level_009/level_010/level_011/level_012/level_013/level_014/level_015/level_016/level_017/level_018/level_019/level_020/level_021/level_022/level_023/level_024/level_025/level_026/level_027/level_028/level_029/level_030/target.txt,31,31,61,0,0,1,30,0.768345
4,DFS,/home/strangelove/CS-Stuff/Makalah-StiMa-1/IF2211-Makalah-StiMa-1/testing/deep_narrow,target.txt,1,/home/strangelove/CS-Stuff/Makalah-StiMa-1/IF2211-Makalah-StiMa-1/testing/deep_narrow/level_001/level_002/level_003/level_004/level_005/level_006/level_007/level_008/level_009/level_010/level_011/level_012/level_013/level_014/level_015/level_016/level_017/level_018/level_019/level_020/level_021/level_022/level_023/level_024/level_025/level_026/level_027/level_028/level_029/level_030/target.txt,31,30,60,0,0,1,30,0.859202
5,BFS,/home/strangelove/CS-Stuff/Makalah-StiMa-1/IF2211-Makalah-StiMa-1/testing/deep_narrow,target.txt,1,/home/strangelove/CS-Stuff/Makalah-StiMa-1/IF2211-Makalah-StiMa-1/testing/deep_narrow/level_001/level_002/level_003/level_004/level_005/level_006/level_007/level_008/level_009/level_010/level_011/level_012/level_013/level_014/level_015/level_016/level_017/level_018/level_019/level_020/level_021/level_022/level_023/level_024/level_025/level_026/level_027/level_028/level_029/level_030/target.txt,31,31,61,0,0,1,30,0.812398
6,DFS,/home/strangelove/CS-Stuff/Makalah-StiMa-1/IF2211-Makalah-StiMa-1/testing/deep_narrow,target.txt,1,/home/strangelove/CS-Stuff/Makalah-StiMa-1/IF2211-Makalah-StiMa-1/testing/deep_narrow/level_001/level_002/level_003/level_004/level_005/level_006/level_007/level_008/level_009/level_010/level_011/level_012/level_013/level_014/level_015/level_016/level_017/level_018/level_019/level_020/level_021/level_022/level_023/level_024/level_025/level_026/level_027/level_028/level_029/level_030/target.txt,31,30,60,0,0,1,30,0.810950
7,BFS,/home/strangelove/CS-Stuff/Makalah-StiMa-1/IF2211-Makalah-StiMa-1/testing/deep_narrow,target.txt,1,/home/strangelove/CS-Stuff/Makalah-StiMa-1/IF2211-Makalah-StiMa-1/testing/deep_narrow/level_001/level_002/level_003/level_004/level_005/level_006/level_007/level_008/level_009/level_010/level_011/level_012/level_013/level_014/level_015/level_016/level_017/level_018/level_019/level_020/level_021/level_022/level_023/level_024/level_025/level_026/level_027/level_028/level_029/level_030/target.txt,31,31,61,0,0,1,30,0.813525
8,DFS,/home/strangelove/CS-Stuff/Makalah-StiMa-1/IF2211-Makalah-StiMa-1/testing/deep_narrow,target.txt,1,/home/strangelove/CS-Stuff/Makalah-StiMa-1/IF2211-Makalah-StiMa-1/testing/deep_narrow/level_001/level_002/level_003/level_004/level_005/level_006/level_007/level_008/level_009/level_010/level_011/level_012/level_013/level_014/level_015/level_016/level_017/level_018/level_019/level_020/level_021/level_022/level_023/level_024/level_025/level_026/level_027/level_028/level_029/level_030/target.txt,31,30,60,0,0,1,30,0.837948
9,BFS,/home/strangelove/CS-Stuff/Makalah-StiMa-1/IF2211-Makalah-StiMa-1/testing/deep_narrow,target.txt,1,/home/strangelove/CS-Stuff/Makalah-StiMa-1/IF2211-Makalah-StiMa-1/testing/deep_narrow/level_001/level_002/level_003/level_004/level_005/level_006/level_007/level_008/level_009/level_010/level_011/level_012/level_013/level_014/level_015/level_016/level_017/level_018/level_019/level_020/level_021/level_022/level_023/level_024/level_025/level_026/level_027/level_028/level_029/level_030/target.txt,31,31,61,0,0,1,30,0.843862
10,DFS,/home/strangelove/CS-Stuff/Makalah-StiMa-1/IF2211-Makalah-StiMa-1/testing/deep_narrow,target.txt,1,/home/strangelove/CS-Stuff/Makalah-StiMa-1/IF2211-Makalah-StiMa-1/testing/deep_narrow/level_001/level_002/level_003/level_004/level_005/level_006/level_007/level_008/level_009/level_010/level_011/level_012/level_013/level_014/level_015/level_016/level_017/level_018/level_019/level_020/level_021/level_022/level_023/level_024/level_025/level_026/level_027/level_028/level_029/level_030/target.txt,31,30,60,0,0,1,30,0.768473
11,BFS,/home/strangelove/CS-Stuff/Makalah-StiMa-1/IF2211-Makalah-StiMa-1/testing/deep_narrow,target.txt,1,/home/strangelove/CS-Stuff/Makalah-StiMa-1/IF2211-Makalah-StiMa-1/testing/deep_narrow/level_001/level_002/level_003/level_004/level_005/level_006/level_007/level_008/level_009/level_010/level_011/level_012/level_013/level_014/level_015/level_016/level_017/level_018/level_019/level_020/level_021/level_022/level_023/level_024/level_025/level_026/level_027/level_028/level_029/level_030/target.txt,31,31,61,0,0,1,30,0.725837
12,DFS,/home/strangelove/CS-Stuff/Makalah-StiMa-1/IF2211-Makalah-StiMa-1/testing/deep_narrow,target.txt,1,/home/strangelove/CS-Stuff/Makalah-StiMa-1/IF2211-Makalah-StiMa-1/testing/deep_narrow/level_001/level_002/level_003/level_004/level_005/level_006/level_007/level_008/level_009/level_010/level_011/level_012/level_013/level_014/level_015/level_016/level_017/level_018/level_019/level_020/level_021/level_022/level_023/level_024/level_025/level_026/level_027/level_028/level_029/level_030/target.txt,31,30,60,0,0,1,30,0.699372
13,BFS,/home/strangelove/CS-Stuff/Makalah-StiMa-1/IF2211-Makalah-StiMa-1/testing/deep_narrow,target.txt,1,/home/strangelove/CS-Stuff/Makalah-StiMa-1/IF2211-Makalah-StiMa-1/testing/deep_narrow/level_001/level_002/level_003/level_004/level_005/level_006/level_007/level_008/level_009/level_010/level_011/level_012/level_013/level_014/level_015/level_016/level_017/level_018/level_019/level_020/level_021/level_022/level_023/level_024/level_025/level_026/level_027/level_028/level_029/level_030/target.txt,31,31,61,0,0,1,30,0.700758
14,DFS,/home/strangelove/CS-Stuff/Makalah-StiMa-1/IF2211-Makalah-StiMa-1/testing/deep_narrow,target.txt,1,/home/strangelove/CS-Stuff/Makalah-StiMa-1/IF2211-Makalah-StiMa-1/testing/deep_narrow/level_001/level_002/level_003/level_004/level_005/level_006/level_007/level_008/level_009/level_010/level_011/level_012/level_013/level_014/level_015/level_016/level_017/level_018/level_019/level_020/level_021/level_022/level_023/level_024/level_025/level_026/level_027/level_028/level_029/level_030/target.txt,31,30,60,0,0,1,30,0.687444
15,BFS,/home/strangelove/CS-Stuff/Makalah-StiMa-1/IF2211-Makalah-StiMa-1/testing/deep_narrow,target.txt,1,/home/strangelove/CS-Stuff/Makalah-StiMa-1/IF2211-Makalah-StiMa-1/testing/deep_narrow/level_001/level_002/level_003/level_004/level_005/level_006/level_007/level_008/level_009/level_010/level_011/level_012/level_013/level_014/level_015/level_016/level_017/level_018/level_019/level_020/level_021/level_022/level_023/level_024/level_025/level_026/level_027/level_028/level_029/level_030/target.txt,31,31,61,0,0,1,30,0.680224
16,DFS,/home/strangelove/CS-Stuff/Makalah-StiMa-1/IF2211-Makalah-StiMa-1/testing/deep_narrow,target.txt,1,/home/strangelove/CS-Stuff/Makalah-StiMa-1/IF2211-Makalah-StiMa-1/testing/deep_narrow/level_001/level_002/level_003/level_004/level_005/level_006/level_007/level_008/level_009/level_010/level_011/level_012/level_013/level_014/level_015/level_016/level_017/level_018/level_019/level_020/level_021/level_022/level_023/level_024/level_025/level_026/level_027/level_028/level_029/level_030/target.txt,31,30,60,0,0,1,30,0.587822
17,BFS,/home/strangelove/CS-Stuff/Makalah-StiMa-1/IF2211-Makalah-StiMa-1/testing/deep_narrow,target.txt,1,/home/strangelove/CS-Stuff/Makalah-StiMa-1/IF2211-Makalah-StiMa-1/testing/deep_narrow/level_001/level_002/level_003/level_004/level_005/level_006/level_007/level_008/level_009/level_010/level_011/level_012/level_013/level_014/level_015/level_016/level_017/level_018/level_019/level_020/level_021/level_022/level_023/level_024/level_025/level_026/level_027/level_028/level_029/level_030/target.txt,31,31,61,0,0,1,30,0.571396
18,DFS,/home/strangelove/CS-Stuff/Makalah-StiMa-1/IF2211-Makalah-StiMa-1/testing/deep_narrow,target.txt,1,/home/strangelove/CS-Stuff/Makalah-StiMa-1/IF2211-Makalah-StiMa-1/testing/deep_narrow/level_001/level_002/level_003/level_004/level_005/level_006/level_007/level_008/level_009/level_010/level_011/level_012/level_013/level_014/level_015/level_016/level_017/level_018/level_019/level_020/level_021/level_022/level_023/level_024/level_025/level_026/level_027/level_028/level_029/level_030/target.txt,31,30,60,0,0,1,30,0.457862
19,BFS,/home/strangelove/CS-Stuff/Makalah-StiMa-1/IF2211-Makalah-StiMa-1/testing/deep_narrow,target.txt,1,/home/strangelove/CS-Stuff/Makalah-StiMa-1/IF2211-Makalah-StiMa-1/testing/deep_narrow/level_001/level_002/level_003/level_004/level_005/level_006/level_007/level_008/level_009/level_010/level_011/level_012/level_013/level_014/level_015/level_016/level_017/level_018/level_019/level_020/level_021/level_022/level_023/level_024/level_025/level_026/level_027/level_028/level_029/level_030/target.txt,31,31,61,0,0,1,30,0.464370
20,DFS,/home/strangelove/CS-Stuff/Makalah-StiMa-1/IF2211-Makalah-StiMa-1/testing/deep_narrow,target.txt,1,/home/strangelove/CS-Stuff/Makalah-StiMa-1/IF2211-Makalah-StiMa-1/testing/deep_narrow/level_001/level_002/level_003/level_004/level_005/level_006/level_007/level_008/level_009/level_010/level_011/level_012/level_013/level_014/level_015/level_016/level_017/level_018/level_019/level_020/level_021/level_022/level_023/level_024/level_025/level_026/level_027/level_028/level_029/level_030/target.txt,31,30,60,0,0,1,30,0.443312
1,BFS,/home/strangelove/CS-Stuff/Makalah-StiMa-1/IF2211-Makalah-StiMa-1/testing/deep_narrow,target.txt,1,/home/strangelove/CS-Stuff/Makalah-StiMa-1/IF2211-Makalah-StiMa-1/testing/deep_narrow/level_001/level_002/level_003/level_004/level_005/level_006/level_007/level_008/level_009/level_010/level_011/level_012/level_013/level_014/level_015/level_016/level_017/level_018/level_019/level_020/level_021/level_022/level_023/level_024/level_025/level_026/level_027/level_028/level_029/level_030/target.txt,31,31,61,0,0,1,30,0.435885
2,DFS,/home/strangelove/CS-Stuff/Makalah-StiMa-1/IF2211-Makalah-StiMa-1/testing/deep_narrow,target.txt,1,/home/strangelove/CS-Stuff/Makalah-StiMa-1/IF2211-Makalah-StiMa-1/testing/deep_narrow/level_001/level_002/level_003/level_004/level_005/level_006/level_007/level_008/level_009/level_010/level_011/level_012/level_013/level_014/level_015/level_016/level_017/level_018/level_019/level_020/level_021/level_022/level_023/level_024/level_025/level_026/level_027/level_028/level_029/level_030/target.txt,31,30,60,0,0,1,30,0.538474
3,BFS,/home/strangelove/CS-Stuff/Makalah-StiMa-1/IF2211-Makalah-StiMa-1/testing/deep_narrow,target.txt,1,/home/strangelove/CS-Stuff/Makalah-StiMa-1/IF2211-Makalah-StiMa-1/testing/deep_narrow/level_001/level_002/level_003/level_004/level_005/level_006/level_007/level_008/level_009/level_010/level_011/level_012/level_013/level_014/level_015/level_016/level_017/level_018/level_019/level_020/level_021/level_022/level_023/level_024/level_025/level_026/level_027/level_028/level_029/level_030/target.txt,31,31,61,0,0,1,30,0.451061
4,DFS,/home/strangelove/CS-Stuff/Makalah-StiMa-1/IF2211-Makalah-StiMa-1/testing/deep_narrow,target.txt,1,/home/strangelove/CS-Stuff/Makalah-StiMa-1/IF2211-Makalah-StiMa-1/testing/deep_narrow/level_001/level_002/level_003/level_004/level_005/level_006/level_007/level_008/level_009/level_010/level_011/level_012/level_013/level_014/level_015/level_016/level_017/level_018/level_019/level_020/level_021/level_022/level_023/level_024/level_025/level_026/level_027/level_028/level_029/level_030/target.txt,31,30,60,0,0,1,30,0.447436
5,BFS,/home/strangelove/CS-Stuff/Makalah-StiMa-1/IF2211-Makalah-StiMa-1/testing/deep_narrow,target.txt,1,/home/strangelove/CS-Stuff/Makalah-StiMa-1/IF2211-Makalah-StiMa-1/testing/deep_narrow/level_001/level_002/level_003/level_004/level_005/level_006/level_007/level_008/level_009/level_010/level_011/level_012/level_013/level_014/level_015/level_016/level_017/level_018/level_019/level_020/level_021/level_022/level_023/level_024/level_025/level_026/level_027/level_028/level_029/level_030/target.txt,31,31,61,0,0,1,30,0.424064
6,DFS,/home/strangelove/CS-Stuff/Makalah-StiMa-1/IF2211-Makalah-StiMa-1/testing/deep_narrow,target.txt,1,/home/strangelove/CS-Stuff/Makalah-StiMa-1/IF2211-Makalah-StiMa-1/testing/deep_narrow/level_001/level_002/level_003/level_004/level_005/level_006/level_007/level_008/level_009/level_010/level_011/level_012/level_013/level_014/level_015/level_016/level_017/level_018/level_019/level_020/level_021/level_022/level_023/level_024/level_025/level_026/level_027/level_028/level_029/level_030/target.txt,31,30,60,0,0,1,30,0.530541
7,BFS,/home/strangelove/CS-Stuff/Makalah-StiMa-1/IF2211-Makalah-StiMa-1/testing/deep_narrow,target.txt,1,/home/strangelove/CS-Stuff/Makalah-StiMa-1/IF2211-Makalah-StiMa-1/testing/deep_narrow/level_001/level_002/level_003/level_004/level_005/level_006/level_007/level_008/level_009/level_010/level_011/level_012/level_013/level_014/level_015/level_016/level_017/level_018/level_019/level_020/level_021/level_022/level_023/level_024/level_025/level_026/level_027/level_028/level_029/level_030/target.txt,31,31,61,0,0,1,30,0.563626
8,DFS,/home/strangelove/CS-Stuff/Makalah-StiMa-1/IF2211-Makalah-StiMa-1/testing/deep_narrow,target.txt,1,/home/strangelove/CS-Stuff/Makalah-StiMa-1/IF2211-Makalah-StiMa-1/testing/deep_narrow/level_001/level_002/level_003/level_004/level_005/level_006/level_007/level_008/level_009/level_010/level_011/level_012/level_013/level_014/level_015/level_016/level_017/level_018/level_019/level_020/level_021/level_022/level_023/level_024/level_025/level_026/level_027/level_028/level_029/level_030/target.txt,31,30,60,0,0,1,30,0.565935
9,BFS,/home/strangelove/CS-Stuff/Makalah-StiMa-1/IF2211-Makalah-StiMa-1/testing/deep_narrow,target.txt,1,/home/strangelove/CS-Stuff/Makalah-StiMa-1/IF2211-Makalah-StiMa-1/testing/deep_narrow/level_001/level_002/level_003/level_004/level_005/level_006/level_007/level_008/level_009/level_010/level_011/level_012/level_013/level_014/level_015/level_016/level_017/level_018/level_019/level_020/level_021/level_022/level_023/level_024/level_025/level_026/level_027/level_028/level_029/level_030/target.txt,31,31,61,0,0,1,30,0.452627
10,DFS,/home/strangelove/CS-Stuff/Makalah-StiMa-1/IF2211-Makalah-StiMa-1/testing/deep_narrow,target.txt,1,/home/strangelove/CS-Stuff/Makalah-StiMa-1/IF2211-Makalah-StiMa-1/testing/deep_narrow/level_001/level_002/level_003/level_004/level_005/level_006/level_007/level_008/level_009/level_010/level_011/level_012/level_013/level_014/level_015/level_016/level_017/level_018/level_019/level_020/level_021/level_022/level_023/level_024/level_025/level_026/level_027/level_028/level_029/level_030/target.txt,31,30,60,0,0,1,30,0.503963
11,BFS,/home/strangelove/CS-Stuff/Makalah-StiMa-1/IF2211-Makalah-StiMa-1/testing/deep_narrow,target.txt,1,/home/strangelove/CS-Stuff/Makalah-StiMa-1/IF2211-Makalah-StiMa-1/testing/deep_narrow/level_001/level_002/level_003/level_004/level_005/level_006/level_007/level_008/level_009/level_010/level_011/level_012/level_013/level_014/level_015/level_016/level_017/level_018/level_019/level_020/level_021/level_022/level_023/level_024/level_025/level_026/level_027/level_028/level_029/level_030/target.txt,31,31,61,0,0,1,30,0.506115
12,DFS,/home/strangelove/CS-Stuff/Makalah-StiMa-1/IF2211-Makalah-StiMa-1/testing/deep_narrow,target.txt,1,/home/strangelove/CS-Stuff/Makalah-StiMa-1/IF2211-Makalah-StiMa-1/testing/deep_narrow/level_001/level_002/level_003/level_004/level_005/level_006/level_007/level_008/level_009/level_010/level_011/level_012/level_013/level_014/level_015/level_016/level_017/level_018/level_019/level_020/level_021/level_022/level_023/level_024/level_025/level_026/level_027/level_028/level_029/level_030/target.txt,31,30,60,0,0,1,30,0.584020
13,BFS,/home/strangelove/CS-Stuff/Makalah-StiMa-1/IF2211-Makalah-StiMa-1/testing/deep_narrow,target.txt,1,/home/strangelove/CS-Stuff/Makalah-StiMa-1/IF2211-Makalah-StiMa-1/testing/deep_narrow/level_001/level_002/level_003/level_004/level_005/level_006/level_007/level_008/level_009/level_010/level_011/level_012/level_013/level_014/level_015/level_016/level_017/level_018/level_019/level_020/level_021/level_022/level_023/level_024/level_025/level_026/level_027/level_028/level_029/level_030/target.txt,31,31,61,0,0,1,30,0.620379
14,DFS,/home/strangelove/CS-Stuff/Makalah-StiMa-1/IF2211-Makalah-StiMa-1/testing/deep_narrow,target.txt,1,/home/strangelove/CS-Stuff/Makalah-StiMa-1/IF2211-Makalah-StiMa-1/testing/deep_narrow/level_001/level_002/level_003/level_004/level_005/level_006/level_007/level_008/level_009/level_010/level_011/level_012/level_013/level_014/level_015/level_016/level_017/level_018/level_019/level_020/level_021/level_022/level_023/level_024/level_025/level_026/level_027/level_028/level_029/level_030/target.txt,31,30,60,0,0,1,30,0.554316
15,BFS,/home/strangelove/CS-Stuff/Makalah-StiMa-1/IF2211-Makalah-StiMa-1/testing/deep_narrow,target.txt,1,/home/strangelove/CS-Stuff/Makalah-StiMa-1/IF2211-Makalah-StiMa-1/testing/deep_narrow/level_001/level_002/level_003/level_004/level_005/level_006/level_007/level_008/level_009/level_010/level_011/level_012/level_013/level_014/level_015/level_016/level_017/level_018/level_019/level_020/level_021/level_022/level_023/level_024/level_025/level_026/level_027/level_028/level_029/level_030/target.txt,31,31,61,0,0,1,30,0.439423
16,DFS,/home/strangelove/CS-Stuff/Makalah-StiMa-1/IF2211-Makalah-StiMa-1/testing/deep_narrow,target.txt,1,/home/strangelove/CS-Stuff/Makalah-StiMa-1/IF2211-Makalah-StiMa-1/testing/deep_narrow/level_001/level_002/level_003/level_004/level_005/level_006/level_007/level_008/level_009/level_010/level_011/level_012/level_013/level_014/level_015/level_016/level_017/level_018/level_019/level_020/level_021/level_022/level_023/level_024/level_025/level_026/level_027/level_028/level_029/level_030/target.txt,31,30,60,0,0,1,30,0.466096
17,BFS,/home/strangelove/CS-Stuff/Makalah-StiMa-1/IF2211-Makalah-StiMa-1/testing/deep_narrow,target.txt,1,/home/strangelove/CS-Stuff/Makalah-StiMa-1/IF2211-Makalah-StiMa-1/testing/deep_narrow/level_001/level_002/level_003/level_004/level_005/level_006/level_007/level_008/level_009/level_010/level_011/level_012/level_013/level_014/level_015/level_016/level_017/level_018/level_019/level_020/level_021/level_022/level_023/level_024/level_025/level_026/level_027/level_028/level_029/level_030/target.txt,31,31,61,0,0,1,30,0.574137
18,DFS,/home/strangelove/CS-Stuff/Makalah-StiMa-1/IF2211-Makalah-StiMa-1/testing/deep_narrow,target.txt,1,/home/strangelove/CS-Stuff/Makalah-StiMa-1/IF2211-Makalah-StiMa-1/testing/deep_narrow/level_001/level_002/level_003/level_004/level_005/level_006/level_007/level_008/level_009/level_010/level_011/level_012/level_013/level_014/level_015/level_016/level_017/level_018/level_019/level_020/level_021/level_022/level_023/level_024/level_025/level_026/level_027/level_028/level_029/level_030/target.txt,31,30,60,0,0,1,30,0.582846
19,BFS,/home/strangelove/CS-Stuff/Makalah-StiMa-1/IF2211-Makalah-StiMa-1/testing/deep_narrow,target.txt,1,/home/strangelove/CS-Stuff/Makalah-StiMa-1/IF2211-Makalah-StiMa-1/testing/deep_narrow/level_001/level_002/level_003/level_004/level_005/level_006/level_007/level_008/level_009/level_010/level_011/level_012/level_013/level_014/level_015/level_016/level_017/level_018/level_019/level_020/level_021/level_022/level_023/level_024/level_025/level_026/level_027/level_028/level_029/level_030/target.txt,31,31,61,0,0,1,30,0.572020
20,DFS,/home/strangelove/CS-Stuff/Makalah-StiMa-1/IF2211-Makalah-StiMa-1/testing/deep_narrow,target.txt,1,/home/strangelove/CS-Stuff/Makalah-StiMa-1/IF2211-Makalah-StiMa-1/testing/deep_narrow/level_001/level_002/level_003/level_004/level_005/level_006/level_007/level_008/level_009/level_010/level_011/level_012/level_013/level_014/level_015/level_016/level_017/level_018/level_019/level_020/level_021/level_022/level_023/level_024/level_025/level_026/level_027/level_028/level_029/level_030/target.txt,31,30,60,0,0,1,30,0.442042
1,BFS,/home/strangelove/CS-Stuff/Makalah-StiMa-1/IF2211-Makalah-StiMa-1/testing/mixed_project,target.txt,1,/home/strangelove/CS-Stuff/Makalah-StiMa-1/IF2211-Makalah-StiMa-1/testing/mixed_project/src/traversal/deep/target.txt,11,20,30,0,0,6,3,0.274639
2,DFS,/home/strangelove/CS-Stuff/Makalah-StiMa-1/IF2211-Makalah-StiMa-1/testing/mixed_project,target.txt,1,/home/strangelove/CS-Stuff/Makalah-StiMa-1/IF2211-Makalah-StiMa-1/testing/mixed_project/src/traversal/deep/target.txt,9,14,24,0,0,6,3,0.174885
3,BFS,/home/strangelove/CS-Stuff/Makalah-StiMa-1/IF2211-Makalah-StiMa-1/testing/mixed_project,target.txt,1,/home/strangelove/CS-Stuff/Makalah-StiMa-1/IF2211-Makalah-StiMa-1/testing/mixed_project/src/traversal/deep/target.txt,11,20,30,0,0,6,3,0.233893
4,DFS,/home/strangelove/CS-Stuff/Makalah-StiMa-1/IF2211-Makalah-StiMa-1/testing/mixed_project,target.txt,1,/home/strangelove/CS-Stuff/Makalah-StiMa-1/IF2211-Makalah-StiMa-1/testing/mixed_project/src/traversal/deep/target.txt,9,14,24,0,0,6,3,0.167527
5,BFS,/home/strangelove/CS-Stuff/Makalah-StiMa-1/IF2211-Makalah-StiMa-1/testing/mixed_project,target.txt,1,/home/strangelove/CS-Stuff/Makalah-StiMa-1/IF2211-Makalah-StiMa-1/testing/mixed_project/src/traversal/deep/target.txt,11,20,30,0,0,6,3,0.211914
6,DFS,/home/strangelove/CS-Stuff/Makalah-StiMa-1/IF2211-Makalah-StiMa-1/testing/mixed_project,target.txt,1,/home/strangelove/CS-Stuff/Makalah-StiMa-1/IF2211-Makalah-StiMa-1/testing/mixed_project/src/traversal/deep/target.txt,9,14,24,0,0,6,3,0.178137
7,BFS,/home/strangelove/CS-Stuff/Makalah-StiMa-1/IF2211-Makalah-StiMa-1/testing/mixed_project,target.txt,1,/home/strangelove/CS-Stuff/Makalah-StiMa-1/IF2211-Makalah-StiMa-1/testing/mixed_project/src/traversal/deep/target.txt,11,20,30,0,0,6,3,0.217301
8,DFS,/home/strangelove/CS-Stuff/Makalah-StiMa-1/IF2211-Makalah-StiMa-1/testing/mixed_project,target.txt,1,/home/strangelove/CS-Stuff/Makalah-StiMa-1/IF2211-Makalah-StiMa-1/testing/mixed_project/src/traversal/deep/target.txt,9,14,24,0,0,6,3,0.186310
9,BFS,/home/strangelove/CS-Stuff/Makalah-StiMa-1/IF2211-Makalah-StiMa-1/testing/mixed_project,target.txt,1,/home/strangelove/CS-Stuff/Makalah-StiMa-1/IF2211-Makalah-StiMa-1/testing/mixed_project/src/traversal/deep/target.txt,11,20,30,0,0,6,3,0.217258
10,DFS,/home/strangelove/CS-Stuff/Makalah-StiMa-1/IF2211-Makalah-StiMa-1/testing/mixed_project,target.txt,1,/home/strangelove/CS-Stuff/Makalah-StiMa-1/IF2211-Makalah-StiMa-1/testing/mixed_project/src/traversal/deep/target.txt,9,14,24,0,0,6,3,0.174611
11,BFS,/home/strangelove/CS-Stuff/Makalah-StiMa-1/IF2211-Makalah-StiMa-1/testing/mixed_project,target.txt,1,/home/strangelove/CS-Stuff/Makalah-StiMa-1/IF2211-Makalah-StiMa-1/testing/mixed_project/src/traversal/deep/target.txt,11,20,30,0,0,6,3,0.222956
12,DFS,/home/strangelove/CS-Stuff/Makalah-StiMa-1/IF2211-Makalah-StiMa-1/testing/mixed_project,target.txt,1,/home/strangelove/CS-Stuff/Makalah-StiMa-1/IF2211-Makalah-StiMa-1/testing/mixed_project/src/traversal/deep/target.txt,9,14,24,0,0,6,3,0.168790
13,BFS,/home/strangelove/CS-Stuff/Makalah-StiMa-1/IF2211-Makalah-StiMa-1/testing/mixed_project,target.txt,1,/home/strangelove/CS-Stuff/Makalah-StiMa-1/IF2211-Makalah-StiMa-1/testing/mixed_project/src/traversal/deep/target.txt,11,20,30,0,0,6,3,0.282373
14,DFS,/home/strangelove/CS-Stuff/Makalah-StiMa-1/IF2211-Makalah-StiMa-1/testing/mixed_project,target.txt,1,/home/strangelove/CS-Stuff/Makalah-StiMa-1/IF2211-Makalah-StiMa-1/testing/mixed_project/src/traversal/deep/target.txt,9,14,24,0,0,6,3,0.184993
15,BFS,/home/strangelove/CS-Stuff/Makalah-StiMa-1/IF2211-Makalah-StiMa-1/testing/mixed_project,target.txt,1,/home/strangelove/CS-Stuff/Makalah-StiMa-1/IF2211-Makalah-StiMa-1/testing/mixed_project/src/traversal/deep/target.txt,11,20,30,0,0,6,3,0.224693
16,DFS,/home/strangelove/CS-Stuff/Makalah-StiMa-1/IF2211-Makalah-StiMa-1/testing/mixed_project,target.txt,1,/home/strangelove/CS-Stuff/Makalah-StiMa-1/IF2211-Makalah-StiMa-1/testing/mixed_project/src/traversal/deep/target.txt,9,14,24,0,0,6,3,0.186466
17,BFS,/home/strangelove/CS-Stuff/Makalah-StiMa-1/IF2211-Makalah-StiMa-1/testing/mixed_project,target.txt,1,/home/strangelove/CS-Stuff/Makalah-StiMa-1/IF2211-Makalah-StiMa-1/testing/mixed_project/src/traversal/deep/target.txt,11,20,30,0,0,6,3,1.203481
18,DFS,/home/strangelove/CS-Stuff/Makalah-StiMa-1/IF2211-Makalah-StiMa-1/testing/mixed_project,target.txt,1,/home/strangelove/CS-Stuff/Makalah-StiMa-1/IF2211-Makalah-StiMa-1/testing/mixed_project/src/traversal/deep/target.txt,9,14,24,0,0,6,3,0.225564
19,BFS,/home/strangelove/CS-Stuff/Makalah-StiMa-1/IF2211-Makalah-StiMa-1/testing/mixed_project,target.txt,1,/home/strangelove/CS-Stuff/Makalah-StiMa-1/IF2211-Makalah-StiMa-1/testing/mixed_project/src/traversal/deep/target.txt,11,20,30,0,0,6,3,0.285294
20,DFS,/home/strangelove/CS-Stuff/Makalah-StiMa-1/IF2211-Makalah-StiMa-1/testing/mixed_project,target.txt,1,/home/strangelove/CS-Stuff/Makalah-StiMa-1/IF2211-Makalah-StiMa-1/testing/mixed_project/src/traversal/deep/target.txt,9,14,24,0,0,6,3,0.227039
1,BFS,/home/strangelove/CS-Stuff/Makalah-StiMa-1/IF2211-Makalah-StiMa-1/testing/mixed_project,target.txt,1,/home/strangelove/CS-Stuff/Makalah-StiMa-1/IF2211-Makalah-StiMa-1/testing/mixed_project/src/traversal/deep/target.txt,11,20,30,0,0,6,3,0.189339
2,DFS,/home/strangelove/CS-Stuff/Makalah-StiMa-1/IF2211-Makalah-StiMa-1/testing/mixed_project,target.txt,1,/home/strangelove/CS-Stuff/Makalah-StiMa-1/IF2211-Makalah-StiMa-1/testing/mixed_project/src/traversal/deep/target.txt,9,14,24,0,0,6,3,0.178623
3,BFS,/home/strangelove/CS-Stuff/Makalah-StiMa-1/IF2211-Makalah-StiMa-1/testing/mixed_project,target.txt,1,/home/strangelove/CS-Stuff/Makalah-StiMa-1/IF2211-Makalah-StiMa-1/testing/mixed_project/src/traversal/deep/target.txt,11,20,30,0,0,6,3,0.182960
4,DFS,/home/strangelove/CS-Stuff/Makalah-StiMa-1/IF2211-Makalah-StiMa-1/testing/mixed_project,target.txt,1,/home/strangelove/CS-Stuff/Makalah-StiMa-1/IF2211-Makalah-StiMa-1/testing/mixed_project/src/traversal/deep/target.txt,9,14,24,0,0,6,3,0.135227
5,BFS,/home/strangelove/CS-Stuff/Makalah-StiMa-1/IF2211-Makalah-StiMa-1/testing/mixed_project,target.txt,1,/home/strangelove/CS-Stuff/Makalah-StiMa-1/IF2211-Makalah-StiMa-1/testing/mixed_project/src/traversal/deep/target.txt,11,20,30,0,0,6,3,0.138661
6,DFS,/home/strangelove/CS-Stuff/Makalah-StiMa-1/IF2211-Makalah-StiMa-1/testing/mixed_project,target.txt,1,/home/strangelove/CS-Stuff/Makalah-StiMa-1/IF2211-Makalah-StiMa-1/testing/mixed_project/src/traversal/deep/target.txt,9,14,24,0,0,6,3,0.117828
7,BFS,/home/strangelove/CS-Stuff/Makalah-StiMa-1/IF2211-Makalah-StiMa-1/testing/mixed_project,target.txt,1,/home/strangelove/CS-Stuff/Makalah-StiMa-1/IF2211-Makalah-StiMa-1/testing/mixed_project/src/traversal/deep/target.txt,11,20,30,0,0,6,3,0.177954
8,DFS,/home/strangelove/CS-Stuff/Makalah-StiMa-1/IF2211-Makalah-StiMa-1/testing/mixed_project,target.txt,1,/home/strangelove/CS-Stuff/Makalah-StiMa-1/IF2211-Makalah-StiMa-1/testing/mixed_project/src/traversal/deep/target.txt,9,14,24,0,0,6,3,0.142160
9,BFS,/home/strangelove/CS-Stuff/Makalah-StiMa-1/IF2211-Makalah-StiMa-1/testing/mixed_project,target.txt,1,/home/strangelove/CS-Stuff/Makalah-StiMa-1/IF2211-Makalah-StiMa-1/testing/mixed_project/src/traversal/deep/target.txt,11,20,30,0,0,6,3,0.173660
10,DFS,/home/strangelove/CS-Stuff/Makalah-StiMa-1/IF2211-Makalah-StiMa-1/testing/mixed_project,target.txt,1,/home/strangelove/CS-Stuff/Makalah-StiMa-1/IF2211-Makalah-StiMa-1/testing/mixed_project/src/traversal/deep/target.txt,9,14,24,0,0,6,3,0.142345
11,BFS,/home/strangelove/CS-Stuff/Makalah-StiMa-1/IF2211-Makalah-StiMa-1/testing/mixed_project,target.txt,1,/home/strangelove/CS-Stuff/Makalah-StiMa-1/IF2211-Makalah-StiMa-1/testing/mixed_project/src/traversal/deep/target.txt,11,20,30,0,0,6,3,0.184255
12,DFS,/home/strangelove/CS-Stuff/Makalah-StiMa-1/IF2211-Makalah-StiMa-1/testing/mixed_project,target.txt,1,/home/strangelove/CS-Stuff/Makalah-StiMa-1/IF2211-Makalah-StiMa-1/testing/mixed_project/src/traversal/deep/target.txt,9,14,24,0,0,6,3,0.148486
13,BFS,/home/strangelove/CS-Stuff/Makalah-StiMa-1/IF2211-Makalah-StiMa-1/testing/mixed_project,target.txt,1,/home/strangelove/CS-Stuff/Makalah-StiMa-1/IF2211-Makalah-StiMa-1/testing/mixed_project/src/traversal/deep/target.txt,11,20,30,0,0,6,3,0.167744
14,DFS,/home/strangelove/CS-Stuff/Makalah-StiMa-1/IF2211-Makalah-StiMa-1/testing/mixed_project,target.txt,1,/home/strangelove/CS-Stuff/Makalah-StiMa-1/IF2211-Makalah-StiMa-1/testing/mixed_project/src/traversal/deep/target.txt,9,14,24,0,0,6,3,0.139309
15,BFS,/home/strangelove/CS-Stuff/Makalah-StiMa-1/IF2211-Makalah-StiMa-1/testing/mixed_project,target.txt,1,/home/strangelove/CS-Stuff/Makalah-StiMa-1/IF2211-Makalah-StiMa-1/testing/mixed_project/src/traversal/deep/target.txt,11,20,30,0,0,6,3,0.165382
16,DFS,/home/strangelove/CS-Stuff/Makalah-StiMa-1/IF2211-Makalah-StiMa-1/testing/mixed_project,target.txt,1,/home/strangelove/CS-Stuff/Makalah-StiMa-1/IF2211-Makalah-StiMa-1/testing/mixed_project/src/traversal/deep/target.txt,9,14,24,0,0,6,3,0.137612
17,BFS,/home/strangelove/CS-Stuff/Makalah-StiMa-1/IF2211-Makalah-StiMa-1/testing/mixed_project,target.txt,1,/home/strangelove/CS-Stuff/Makalah-StiMa-1/IF2211-Makalah-StiMa-1/testing/mixed_project/src/traversal/deep/target.txt,11,20,30,0,0,6,3,0.166908
18,DFS,/home/strangelove/CS-Stuff/Makalah-StiMa-1/IF2211-Makalah-StiMa-1/testing/mixed_project,target.txt,1,/home/strangelove/CS-Stuff/Makalah-StiMa-1/IF2211-Makalah-StiMa-1/testing/mixed_project/src/traversal/deep/target.txt,9,14,24,0,0,6,3,0.130482
19,BFS,/home/strangelove/CS-Stuff/Makalah-StiMa-1/IF2211-Makalah-StiMa-1/testing/mixed_project,target.txt,1,/home/strangelove/CS-Stuff/Makalah-StiMa-1/IF2211-Makalah-StiMa-1/testing/mixed_project/src/traversal/deep/target.txt,11,20,30,0,0,6,3,0.158572
20,DFS,/home/strangelove/CS-Stuff/Makalah-StiMa-1/IF2211-Makalah-StiMa-1/testing/mixed_project,target.txt,1,/home/strangelove/CS-Stuff/Makalah-StiMa-1/IF2211-Makalah-StiMa-1/testing/mixed_project/src/traversal/deep/target.txt,9,14,24,0,0,6,3,0.129133
1,BFS,/home/strangelove/CS-Stuff/Makalah-StiMa-1/IF2211-Makalah-StiMa-1/testing/mixed_project,target.txt,1,/home/strangelove/CS-Stuff/Makalah-StiMa-1/IF2211-Makalah-StiMa-1/testing/mixed_project/src/traversal/deep/target.txt,11,20,30,0,0,6,3,0.176569
2,DFS,/home/strangelove/CS-Stuff/Makalah-StiMa-1/IF2211-Makalah-StiMa-1/testing/mixed_project,target.txt,1,/home/strangelove/CS-Stuff/Makalah-StiMa-1/IF2211-Makalah-StiMa-1/testing/mixed_project/src/traversal/deep/target.txt,9,14,24,0,0,6,3,0.152430
3,BFS,/home/strangelove/CS-Stuff/Makalah-StiMa-1/IF2211-Makalah-StiMa-1/testing/mixed_project,target.txt,1,/home/strangelove/CS-Stuff/Makalah-StiMa-1/IF2211-Makalah-StiMa-1/testing/mixed_project/src/traversal/deep/target.txt,11,20,30,0,0,6,3,0.180659
4,DFS,/home/strangelove/CS-Stuff/Makalah-StiMa-1/IF2211-Makalah-StiMa-1/testing/mixed_project,target.txt,1,/home/strangelove/CS-Stuff/Makalah-StiMa-1/IF2211-Makalah-StiMa-1/testing/mixed_project/src/traversal/deep/target.txt,9,14,24,0,0,6,3,0.150006
5,BFS,/home/strangelove/CS-Stuff/Makalah-StiMa-1/IF2211-Makalah-StiMa-1/testing/mixed_project,target.txt,1,/home/strangelove/CS-Stuff/Makalah-StiMa-1/IF2211-Makalah-StiMa-1/testing/mixed_project/src/traversal/deep/target.txt,11,20,30,0,0,6,3,0.172912
6,DFS,/home/strangelove/CS-Stuff/Makalah-StiMa-1/IF2211-Makalah-StiMa-1/testing/mixed_project,target.txt,1,/home/strangelove/CS-Stuff/Makalah-StiMa-1/IF2211-Makalah-StiMa-1/testing/mixed_project/src/traversal/deep/target.txt,9,14,24,0,0,6,3,0.149205
7,BFS,/home/strangelove/CS-Stuff/Makalah-StiMa-1/IF2211-Makalah-StiMa-1/testing/mixed_project,target.txt,1,/home/strangelove/CS-Stuff/Makalah-StiMa-1/IF2211-Makalah-StiMa-1/testing/mixed_project/src/traversal/deep/target.txt,11,20,30,0,0,6,3,0.181981
8,DFS,/home/strangelove/CS-Stuff/Makalah-StiMa-1/IF2211-Makalah-StiMa-1/testing/mixed_project,target.txt,1,/home/strangelove/CS-Stuff/Makalah-StiMa-1/IF2211-Makalah-StiMa-1/testing/mixed_project/src/traversal/deep/target.txt,9,14,24,0,0,6,3,0.160807
9,BFS,/home/strangelove/CS-Stuff/Makalah-StiMa-1/IF2211-Makalah-StiMa-1/testing/mixed_project,target.txt,1,/home/strangelove/CS-Stuff/Makalah-StiMa-1/IF2211-Makalah-StiMa-1/testing/mixed_project/src/traversal/deep/target.txt,11,20,30,0,0,6,3,0.181942
10,DFS,/home/strangelove/CS-Stuff/Makalah-StiMa-1/IF2211-Makalah-StiMa-1/testing/mixed_project,target.txt,1,/home/strangelove/CS-Stuff/Makalah-StiMa-1/IF2211-Makalah-StiMa-1/testing/mixed_project/src/traversal/deep/target.txt,9,14,24,0,0,6,3,0.147521
11,BFS,/home/strangelove/CS-Stuff/Makalah-StiMa-1/IF2211-Makalah-StiMa-1/testing/mixed_project,target.txt,1,/home/strangelove/CS-Stuff/Makalah-StiMa-1/IF2211-Makalah-StiMa-1/testing/mixed_project/src/traversal/deep/target.txt,11,20,30,0,0,6,3,0.173969
12,DFS,/home/strangelove/CS-Stuff/Makalah-StiMa-1/IF2211-Makalah-StiMa-1/testing/mixed_project,target.txt,1,/home/strangelove/CS-Stuff/Makalah-StiMa-1/IF2211-Makalah-StiMa-1/testing/mixed_project/src/traversal/deep/target.txt,9,14,24,0,0,6,3,0.157852
13,BFS,/home/strangelove/CS-Stuff/Makalah-StiMa-1/IF2211-Makalah-StiMa-1/testing/mixed_project,target.txt,1,/home/strangelove/CS-Stuff/Makalah-StiMa-1/IF2211-Makalah-StiMa-1/testing/mixed_project/src/traversal/deep/target.txt,11,20,30,0,0,6,3,0.177915
14,DFS,/home/strangelove/CS-Stuff/Makalah-StiMa-1/IF2211-Makalah-StiMa-1/testing/mixed_project,target.txt,1,/home/strangelove/CS-Stuff/Makalah-StiMa-1/IF2211-Makalah-StiMa-1/testing/mixed_project/src/traversal/deep/target.txt,9,14,24,0,0,6,3,0.160968
15,BFS,/home/strangelove/CS-Stuff/Makalah-StiMa-1/IF2211-Makalah-StiMa-1/testing/mixed_project,target.txt,1,/home/strangelove/CS-Stuff/Makalah-StiMa-1/IF2211-Makalah-StiMa-1/testing/mixed_project/src/traversal/deep/target.txt,11,20,30,0,0,6,3,0.181113
16,DFS,/home/strangelove/CS-Stuff/Makalah-StiMa-1/IF2211-Makalah-StiMa-1/testing/mixed_project,target.txt,1,/home/strangelove/CS-Stuff/Makalah-StiMa-1/IF2211-Makalah-StiMa-1/testing/mixed_project/src/traversal/deep/target.txt,9,14,24,0,0,6,3,0.141798
17,BFS,/home/strangelove/CS-Stuff/Makalah-StiMa-1/IF2211-Makalah-StiMa-1/testing/mixed_project,target.txt,1,/home/strangelove/CS-Stuff/Makalah-StiMa-1/IF2211-Makalah-StiMa-1/testing/mixed_project/src/traversal/deep/target.txt,11,20,30,0,0,6,3,0.190545
18,DFS,/home/strangelove/CS-Stuff/Makalah-StiMa-1/IF2211-Makalah-StiMa-1/testing/mixed_project,target.txt,1,/home/strangelove/CS-Stuff/Makalah-StiMa-1/IF2211-Makalah-StiMa-1/testing/mixed_project/src/traversal/deep/target.txt,9,14,24,0,0,6,3,0.147177
19,BFS,/home/strangelove/CS-Stuff/Makalah-StiMa-1/IF2211-Makalah-StiMa-1/testing/mixed_project,target.txt,1,/home/strangelove/CS-Stuff/Makalah-StiMa-1/IF2211-Makalah-StiMa-1/testing/mixed_project/src/traversal/deep/target.txt,11,20,30,0,0,6,3,0.185853
20,DFS,/home/strangelove/CS-Stuff/Makalah-StiMa-1/IF2211-Makalah-StiMa-1/testing/mixed_project,target.txt,1,/home/strangelove/CS-Stuff/Makalah-StiMa-1/IF2211-Makalah-StiMa-1/testing/mixed_project/src/traversal/deep/target.txt,9,14,24,0,0,6,3,0.145891
1,BFS,/home/strangelove/CS-Stuff/Makalah-StiMa-1/IF2211-Makalah-StiMa-1/testing/no_target,target.txt,0,not_found,40,80,119,0,0,27,3,422.139330
2,DFS,/home/strangelove/CS-Stuff/Makalah-StiMa-1/IF2211-Makalah-StiMa-1/testing/no_target,target.txt,0,not_found,40,80,119,0,0,7,3,0.614005
3,BFS,/home/strangelove/CS-Stuff/Makalah-StiMa-1/IF2211-Makalah-StiMa-1/testing/no_target,target.txt,0,not_found,40,80,119,0,0,27,3,0.570673
4,DFS,/home/strangelove/CS-Stuff/Makalah-StiMa-1/IF2211-Makalah-StiMa-1/testing/no_target,target.txt,0,not_found,40,80,119,0,0,7,3,0.462774
5,BFS,/home/strangelove/CS-Stuff/Makalah-StiMa-1/IF2211-Makalah-StiMa-1/testing/no_target,target.txt,0,not_found,40,80,119,0,0,27,3,0.473819
6,DFS,/home/strangelove/CS-Stuff/Makalah-StiMa-1/IF2211-Makalah-StiMa-1/testing/no_target,target.txt,0,not_found,40,80,119,0,0,7,3,0.512447
7,BFS,/home/strangelove/CS-Stuff/Makalah-StiMa-1/IF2211-Makalah-StiMa-1/testing/no_target,target.txt,0,not_found,40,80,119,0,0,27,3,0.752625
8,DFS,/home/strangelove/CS-Stuff/Makalah-StiMa-1/IF2211-Makalah-StiMa-1/testing/no_target,target.txt,0,not_found,40,80,119,0,0,7,3,0.711458
9,BFS,/home/strangelove/CS-Stuff/Makalah-StiMa-1/IF2211-Makalah-StiMa-1/testing/no_target,target.txt,0,not_found,40,80,119,0,0,27,3,0.807561
10,DFS,/home/strangelove/CS-Stuff/Makalah-StiMa-1/IF2211-Makalah-StiMa-1/testing/no_target,target.txt,0,not_found,40,80,119,0,0,7,3,0.871421
11,BFS,/home/strangelove/CS-Stuff/Makalah-StiMa-1/IF2211-Makalah-StiMa-1/testing/no_target,target.txt,0,not_found,40,80,119,0,0,27,3,0.754531
12,DFS,/home/strangelove/CS-Stuff/Makalah-StiMa-1/IF2211-Makalah-StiMa-1/testing/no_target,target.txt,0,not_found,40,80,119,0,0,7,3,0.710301
13,BFS,/home/strangelove/CS-Stuff/Makalah-StiMa-1/IF2211-Makalah-StiMa-1/testing/no_target,target.txt,0,not_found,40,80,119,0,0,27,3,0.697171
14,DFS,/home/strangelove/CS-Stuff/Makalah-StiMa-1/IF2211-Makalah-StiMa-1/testing/no_target,target.txt,0,not_found,40,80,119,0,0,7,3,0.678638
15,BFS,/home/strangelove/CS-Stuff/Makalah-StiMa-1/IF2211-Makalah-StiMa-1/testing/no_target,target.txt,0,not_found,40,80,119,0,0,27,3,0.701025
16,DFS,/home/strangelove/CS-Stuff/Makalah-StiMa-1/IF2211-Makalah-StiMa-1/testing/no_target,target.txt,0,not_found,40,80,119,0,0,7,3,0.725207
17,BFS,/home/strangelove/CS-Stuff/Makalah-StiMa-1/IF2211-Makalah-StiMa-1/testing/no_target,target.txt,0,not_found,40,80,119,0,0,27,3,0.683685
18,DFS,/home/strangelove/CS-Stuff/Makalah-StiMa-1/IF2211-Makalah-StiMa-1/testing/no_target,target.txt,0,not_found,40,80,119,0,0,7,3,0.660981
19,BFS,/home/strangelove/CS-Stuff/Makalah-StiMa-1/IF2211-Makalah-StiMa-1/testing/no_target,target.txt,0,not_found,40,80,119,0,0,27,3,0.667437
20,DFS,/home/strangelove/CS-Stuff/Makalah-StiMa-1/IF2211-Makalah-StiMa-1/testing/no_target,target.txt,0,not_found,40,80,119,0,0,7,3,0.691381
1,BFS,/home/strangelove/CS-Stuff/Makalah-StiMa-1/IF2211-Makalah-StiMa-1/testing/no_target,target.txt,0,not_found,40,80,119,0,0,27,3,0.555666
2,DFS,/home/strangelove/CS-Stuff/Makalah-StiMa-1/IF2211-Makalah-StiMa-1/testing/no_target,target.txt,0,not_found,40,80,119,0,0,7,3,0.772125
3,BFS,/home/strangelove/CS-Stuff/Makalah-StiMa-1/IF2211-Makalah-StiMa-1/testing/no_target,target.txt,0,not_found,40,80,119,0,0,27,3,0.829556
4,DFS,/home/strangelove/CS-Stuff/Makalah-StiMa-1/IF2211-Makalah-StiMa-1/testing/no_target,target.txt,0,not_found,40,80,119,0,0,7,3,0.818050
5,BFS,/home/strangelove/CS-Stuff/Makalah-StiMa-1/IF2211-Makalah-StiMa-1/testing/no_target,target.txt,0,not_found,40,80,119,0,0,27,3,0.833491
6,DFS,/home/strangelove/CS-Stuff/Makalah-StiMa-1/IF2211-Makalah-StiMa-1/testing/no_target,target.txt,0,not_found,40,80,119,0,0,7,3,0.736389
7,BFS,/home/strangelove/CS-Stuff/Makalah-StiMa-1/IF2211-Makalah-StiMa-1/testing/no_target,target.txt,0,not_found,40,80,119,0,0,27,3,0.543800
8,DFS,/home/strangelove/CS-Stuff/Makalah-StiMa-1/IF2211-Makalah-StiMa-1/testing/no_target,target.txt,0,not_found,40,80,119,0,0,7,3,0.555702
9,BFS,/home/strangelove/CS-Stuff/Makalah-StiMa-1/IF2211-Makalah-StiMa-1/testing/no_target,target.txt,0,not_found,40,80,119,0,0,27,3,0.555486
10,DFS,/home/strangelove/CS-Stuff/Makalah-StiMa-1/IF2211-Makalah-StiMa-1/testing/no_target,target.txt,0,not_found,40,80,119,0,0,7,3,0.585240
11,BFS,/home/strangelove/CS-Stuff/Makalah-StiMa-1/IF2211-Makalah-StiMa-1/testing/no_target,target.txt,0,not_found,40,80,119,0,0,27,3,0.598294
12,DFS,/home/strangelove/CS-Stuff/Makalah-StiMa-1/IF2211-Makalah-StiMa-1/testing/no_target,target.txt,0,not_found,40,80,119,0,0,7,3,0.751128
13,BFS,/home/strangelove/CS-Stuff/Makalah-StiMa-1/IF2211-Makalah-StiMa-1/testing/no_target,target.txt,0,not_found,40,80,119,0,0,27,3,0.657905
14,DFS,/home/strangelove/CS-Stuff/Makalah-StiMa-1/IF2211-Makalah-StiMa-1/testing/no_target,target.txt,0,not_found,40,80,119,0,0,7,3,0.587615
15,BFS,/home/strangelove/CS-Stuff/Makalah-StiMa-1/IF2211-Makalah-StiMa-1/testing/no_target,target.txt,0,not_found,40,80,119,0,0,27,3,0.605652
16,DFS,/home/strangelove/CS-Stuff/Makalah-StiMa-1/IF2211-Makalah-StiMa-1/testing/no_target,target.txt,0,not_found,40,80,119,0,0,7,3,0.560311
17,BFS,/home/strangelove/CS-Stuff/Makalah-StiMa-1/IF2211-Makalah-StiMa-1/testing/no_target,target.txt,0,not_found,40,80,119,0,0,27,3,0.584976
18,DFS,/home/strangelove/CS-Stuff/Makalah-StiMa-1/IF2211-Makalah-StiMa-1/testing/no_target,target.txt,0,not_found,40,80,119,0,0,7,3,0.885888
19,BFS,/home/strangelove/CS-Stuff/Makalah-StiMa-1/IF2211-Makalah-StiMa-1/testing/no_target,target.txt,0,not_found,40,80,119,0,0,27,3,0.672403
20,DFS,/home/strangelove/CS-Stuff/Makalah-StiMa-1/IF2211-Makalah-StiMa-1/testing/no_target,target.txt,0,not_found,40,80,119,0,0,7,3,0.692032
1,BFS,/home/strangelove/CS-Stuff/Makalah-StiMa-1/IF2211-Makalah-StiMa-1/testing/no_target,target.txt,0,not_found,40,80,119,0,0,27,3,0.539853
2,DFS,/home/strangelove/CS-Stuff/Makalah-StiMa-1/IF2211-Makalah-StiMa-1/testing/no_target,target.txt,0,not_found,40,80,119,0,0,7,3,0.525957
3,BFS,/home/strangelove/CS-Stuff/Makalah-StiMa-1/IF2211-Makalah-StiMa-1/testing/no_target,target.txt,0,not_found,40,80,119,0,0,27,3,0.511943
4,DFS,/home/strangelove/CS-Stuff/Makalah-StiMa-1/IF2211-Makalah-StiMa-1/testing/no_target,target.txt,0,not_found,40,80,119,0,0,7,3,0.509286
5,BFS,/home/strangelove/CS-Stuff/Makalah-StiMa-1/IF2211-Makalah-StiMa-1/testing/no_target,target.txt,0,not_found,40,80,119,0,0,27,3,0.618803
6,DFS,/home/strangelove/CS-Stuff/Makalah-StiMa-1/IF2211-Makalah-StiMa-1/testing/no_target,target.txt,0,not_found,40,80,119,0,0,7,3,0.737774
7,BFS,/home/strangelove/CS-Stuff/Makalah-StiMa-1/IF2211-Makalah-StiMa-1/testing/no_target,target.txt,0,not_found,40,80,119,0,0,27,3,0.727057
8,DFS,/home/strangelove/CS-Stuff/Makalah-StiMa-1/IF2211-Makalah-StiMa-1/testing/no_target,target.txt,0,not_found,40,80,119,0,0,7,3,0.752254
9,BFS,/home/strangelove/CS-Stuff/Makalah-StiMa-1/IF2211-Makalah-StiMa-1/testing/no_target,target.txt,0,not_found,40,80,119,0,0,27,3,0.753393
10,DFS,/home/strangelove/CS-Stuff/Makalah-StiMa-1/IF2211-Makalah-StiMa-1/testing/no_target,target.txt,0,not_found,40,80,119,0,0,7,3,0.784186
11,BFS,/home/strangelove/CS-Stuff/Makalah-StiMa-1/IF2211-Makalah-StiMa-1/testing/no_target,target.txt,0,not_found,40,80,119,0,0,27,3,0.747802
12,DFS,/home/strangelove/CS-Stuff/Makalah-StiMa-1/IF2211-Makalah-StiMa-1/testing/no_target,target.txt,0,not_found,40,80,119,0,0,7,3,0.532679
13,BFS,/home/strangelove/CS-Stuff/Makalah-StiMa-1/IF2211-Makalah-StiMa-1/testing/no_target,target.txt,0,not_found,40,80,119,0,0,27,3,0.555648
14,DFS,/home/strangelove/CS-Stuff/Makalah-StiMa-1/IF2211-Makalah-StiMa-1/testing/no_target,target.txt,0,not_found,40,80,119,0,0,7,3,0.700328
15,BFS,/home/strangelove/CS-Stuff/Makalah-StiMa-1/IF2211-Makalah-StiMa-1/testing/no_target,target.txt,0,not_found,40,80,119,0,0,27,3,0.725482
16,DFS,/home/strangelove/CS-Stuff/Makalah-StiMa-1/IF2211-Makalah-StiMa-1/testing/no_target,target.txt,0,not_found,40,80,119,0,0,7,3,0.614635
17,BFS,/home/strangelove/CS-Stuff/Makalah-StiMa-1/IF2211-Makalah-StiMa-1/testing/no_target,target.txt,0,not_found,40,80,119,0,0,27,3,0.651285
18,DFS,/home/strangelove/CS-Stuff/Makalah-StiMa-1/IF2211-Makalah-StiMa-1/testing/no_target,target.txt,0,not_found,40,80,119,0,0,7,3,0.568901
19,BFS,/home/strangelove/CS-Stuff/Makalah-StiMa-1/IF2211-Makalah-StiMa-1/testing/no_target,target.txt,0,not_found,40,80,119,0,0,27,3,0.569904
20,DFS,/home/strangelove/CS-Stuff/Makalah-StiMa-1/IF2211-Makalah-StiMa-1/testing/no_target,target.txt,0,not_found,40,80,119,0,0,7,3,0.512143
